CREATE DATABASE  IF NOT EXISTS `vio_rhuan` /*!40100 DEFAULT CHARACTER SET utf8mb4 COLLATE utf8mb4_0900_ai_ci */ /*!80016 DEFAULT ENCRYPTION='N' */;
USE `vio_rhuan`;
-- MySQL dump 10.13  Distrib 8.0.36, for Win64 (x86_64)
--
-- Host: localhost    Database: vio_rhuan
-- ------------------------------------------------------
-- Server version	8.0.36

/*!40101 SET @OLD_CHARACTER_SET_CLIENT=@@CHARACTER_SET_CLIENT */;
/*!40101 SET @OLD_CHARACTER_SET_RESULTS=@@CHARACTER_SET_RESULTS */;
/*!40101 SET @OLD_COLLATION_CONNECTION=@@COLLATION_CONNECTION */;
/*!50503 SET NAMES utf8 */;
/*!40103 SET @OLD_TIME_ZONE=@@TIME_ZONE */;
/*!40103 SET TIME_ZONE='+00:00' */;
/*!40014 SET @OLD_UNIQUE_CHECKS=@@UNIQUE_CHECKS, UNIQUE_CHECKS=0 */;
/*!40014 SET @OLD_FOREIGN_KEY_CHECKS=@@FOREIGN_KEY_CHECKS, FOREIGN_KEY_CHECKS=0 */;
/*!40101 SET @OLD_SQL_MODE=@@SQL_MODE, SQL_MODE='NO_AUTO_VALUE_ON_ZERO' */;
/*!40111 SET @OLD_SQL_NOTES=@@SQL_NOTES, SQL_NOTES=0 */;

--
-- Table structure for table `compra`
--

DROP TABLE IF EXISTS `compra`;
/*!40101 SET @saved_cs_client     = @@character_set_client */;
/*!50503 SET character_set_client = utf8mb4 */;
CREATE TABLE `compra` (
  `id_compra` int NOT NULL AUTO_INCREMENT,
  `data_compra` datetime NOT NULL,
  `fk_id_usuario` int NOT NULL,
  PRIMARY KEY (`id_compra`),
  KEY `fk_id_usuario` (`fk_id_usuario`),
  CONSTRAINT `compra_ibfk_1` FOREIGN KEY (`fk_id_usuario`) REFERENCES `usuario` (`id_usuario`)
) ENGINE=InnoDB AUTO_INCREMENT=19 DEFAULT CHARSET=utf8mb4 COLLATE=utf8mb4_0900_ai_ci;
/*!40101 SET character_set_client = @saved_cs_client */;

--
-- Dumping data for table `compra`
--

LOCK TABLES `compra` WRITE;
/*!40000 ALTER TABLE `compra` DISABLE KEYS */;
INSERT INTO `compra` VALUES (1,'2024-11-14 19:04:00',1),(2,'2024-11-13 17:00:00',1),(3,'2024-11-12 15:30:00',2),(4,'2024-11-11 14:20:00',2),(5,'2025-05-12 10:53:38',3),(6,'2025-05-12 13:25:51',7),(7,'2025-05-26 10:50:50',1),(8,'2025-05-26 10:50:52',1),(9,'2025-05-26 10:57:23',1),(10,'2025-05-26 10:57:33',2),(11,'2025-06-02 08:51:00',1),(12,'2025-06-02 11:14:07',1),(13,'2025-06-02 11:15:21',1),(14,'2025-06-02 11:17:43',1),(15,'2025-06-02 11:25:05',1),(16,'2025-06-02 11:25:07',1),(17,'2025-06-02 11:25:16',1),(18,'2025-06-02 11:25:21',1);
/*!40000 ALTER TABLE `compra` ENABLE KEYS */;
UNLOCK TABLES;
/*!50003 SET @saved_cs_client      = @@character_set_client */ ;
/*!50003 SET @saved_cs_results     = @@character_set_results */ ;
/*!50003 SET @saved_col_connection = @@collation_connection */ ;
/*!50003 SET character_set_client  = utf8mb4 */ ;
/*!50003 SET character_set_results = utf8mb4 */ ;
/*!50003 SET collation_connection  = utf8mb4_0900_ai_ci */ ;
/*!50003 SET @saved_sql_mode       = @@sql_mode */ ;
/*!50003 SET sql_mode              = 'ONLY_FULL_GROUP_BY,STRICT_TRANS_TABLES,NO_ZERO_IN_DATE,NO_ZERO_DATE,ERROR_FOR_DIVISION_BY_ZERO,NO_ENGINE_SUBSTITUTION' */ ;
DELIMITER ;;
/*!50003 CREATE*/ /*!50017 DEFINER=`alunods`@`%`*/ /*!50003 TRIGGER `delete_compra` AFTER DELETE ON `compra` FOR EACH ROW begin
    insert into historico_compra (id_compra, data_compra, id_usuario) values
    (old.id_compra, old.data_compra, old.fk_id_usuario);
end */;;
DELIMITER ;
/*!50003 SET sql_mode              = @saved_sql_mode */ ;
/*!50003 SET character_set_client  = @saved_cs_client */ ;
/*!50003 SET character_set_results = @saved_cs_results */ ;
/*!50003 SET collation_connection  = @saved_col_connection */ ;

--
-- Temporary view structure for view `compras_por_usuario`
--

DROP TABLE IF EXISTS `compras_por_usuario`;
/*!50001 DROP VIEW IF EXISTS `compras_por_usuario`*/;
SET @saved_cs_client     = @@character_set_client;
/*!50503 SET character_set_client = utf8mb4 */;
/*!50001 CREATE VIEW `compras_por_usuario` AS SELECT 
 1 AS `usuario`,
 1 AS `evento`,
 1 AS `data_compra`,
 1 AS `tipo_ingresso`,
 1 AS `quantidade_vip`,
 1 AS `preco_total`*/;
SET character_set_client = @saved_cs_client;

--
-- Table structure for table `evento`
--

DROP TABLE IF EXISTS `evento`;
/*!40101 SET @saved_cs_client     = @@character_set_client */;
/*!50503 SET character_set_client = utf8mb4 */;
CREATE TABLE `evento` (
  `id_evento` int NOT NULL AUTO_INCREMENT,
  `nome` varchar(100) NOT NULL,
  `descricao` varchar(255) NOT NULL,
  `data_hora` datetime NOT NULL,
  `local` varchar(255) NOT NULL,
  `fk_id_organizador` int NOT NULL,
  `tipo_imagem` varchar(100),
  `imagem` LONGBLOB, 
  PRIMARY KEY (`id_evento`),
  KEY `fk_id_organizador` (`fk_id_organizador`),
  CONSTRAINT `evento_ibfk_1` FOREIGN KEY (`fk_id_organizador`) REFERENCES `organizador` (`id_organizador`)
) ENGINE=InnoDB AUTO_INCREMENT=3002 DEFAULT CHARSET=utf8mb4 COLLATE=utf8mb4_0900_ai_ci;
/*!40101 SET character_set_client = @saved_cs_client */;

--
-- Dumping data for table `evento`
--

LOCK TABLES `evento` WRITE;
/*!40000 ALTER TABLE `evento` DISABLE KEYS */;
INSERT INTO `evento` VALUES (1,'Festival de Verão','evento de verao','2024-12-15 00:00:00','Praia Central',1),(2,'Congresso de Tecnologia','Evento de tecnologia','2024-11-20 00:00:00','Centro de convencoes',2),(3,'Show Internacional','Evento internacional','2024-10-30 00:00:00','Arena Principal',3),(4,'Feira Cultural de Inverno','Evento cultural com música e gastronomia.','2025-07-20 18:00:00','Parque Municipal',1),(5,'a','a','2025-10-10 00:00:00','a',3),(3001,'Show de teste','teste teste','2025-05-31 15:23:57','franca',1);
/*!40000 ALTER TABLE `evento` ENABLE KEYS */;
UNLOCK TABLES;
/*!50003 SET @saved_cs_client      = @@character_set_client */ ;
/*!50003 SET @saved_cs_results     = @@character_set_results */ ;
/*!50003 SET @saved_col_connection = @@collation_connection */ ;
/*!50003 SET character_set_client  = utf8mb4 */ ;
/*!50003 SET character_set_results = utf8mb4 */ ;
/*!50003 SET collation_connection  = utf8mb4_0900_ai_ci */ ;
/*!50003 SET @saved_sql_mode       = @@sql_mode */ ;
/*!50003 SET sql_mode              = 'ONLY_FULL_GROUP_BY,STRICT_TRANS_TABLES,NO_ZERO_IN_DATE,NO_ZERO_DATE,ERROR_FOR_DIVISION_BY_ZERO,NO_ENGINE_SUBSTITUTION' */ ;
DELIMITER ;;
/*!50003 CREATE*/ /*!50017 DEFINER=`alunods`@`%`*/ /*!50003 TRIGGER `impedir_alteracao_evento_passado` BEFORE UPDATE ON `evento` FOR EACH ROW begin
    if old.data_hora < curdate() then
        signal sqlstate '45000'
        set message_text = 'Não é permitido alterar eventos que já ocorreram.';
    end if;
end */;;
DELIMITER ;
/*!50003 SET sql_mode              = @saved_sql_mode */ ;
/*!50003 SET character_set_client  = @saved_cs_client */ ;
/*!50003 SET character_set_results = @saved_cs_results */ ;
/*!50003 SET collation_connection  = @saved_col_connection */ ;

--
-- Table structure for table `historico_compra`
--

DROP TABLE IF EXISTS `historico_compra`;
/*!40101 SET @saved_cs_client     = @@character_set_client */;
/*!50503 SET character_set_client = utf8mb4 */;
CREATE TABLE `historico_compra` (
  `id_historioco` int NOT NULL AUTO_INCREMENT,
  `id_compra` int NOT NULL,
  `data_compra` datetime NOT NULL,
  `id_usuario` int NOT NULL,
  `data_exclusao` datetime DEFAULT CURRENT_TIMESTAMP,
  PRIMARY KEY (`id_historioco`)
) ENGINE=InnoDB AUTO_INCREMENT=8 DEFAULT CHARSET=utf8mb4 COLLATE=utf8mb4_0900_ai_ci;
/*!40101 SET character_set_client = @saved_cs_client */;

--
-- Dumping data for table `historico_compra`
--

LOCK TABLES `historico_compra` WRITE;
/*!40000 ALTER TABLE `historico_compra` DISABLE KEYS */;
INSERT INTO `historico_compra` VALUES (1,1,'2024-11-14 19:04:00',1,'2025-05-28 14:22:04'),(2,2,'2024-11-13 17:00:00',1,'2025-05-28 14:22:04'),(3,3,'2024-11-12 15:30:00',2,'2025-05-28 14:22:04'),(4,4,'2024-11-11 14:20:00',2,'2025-05-28 14:22:04');
/*!40000 ALTER TABLE `historico_compra` ENABLE KEYS */;
UNLOCK TABLES;

--
-- Table structure for table `ingresso`
--

DROP TABLE IF EXISTS `ingresso`;
/*!40101 SET @saved_cs_client     = @@character_set_client */;
/*!50503 SET character_set_client = utf8mb4 */;
CREATE TABLE `ingresso` (
  `id_ingresso` int NOT NULL AUTO_INCREMENT,
  `preco` decimal(5,2) NOT NULL,
  `tipo` varchar(10) NOT NULL,
  `fk_id_evento` int NOT NULL,
  PRIMARY KEY (`id_ingresso`),
  KEY `fk_id_evento` (`fk_id_evento`),
  CONSTRAINT `ingresso_ibfk_1` FOREIGN KEY (`fk_id_evento`) REFERENCES `evento` (`id_evento`)
) ENGINE=InnoDB AUTO_INCREMENT=4002 DEFAULT CHARSET=utf8mb4 COLLATE=utf8mb4_0900_ai_ci;
/*!40101 SET character_set_client = @saved_cs_client */;

--
-- Dumping data for table `ingresso`
--

LOCK TABLES `ingresso` WRITE;
/*!40000 ALTER TABLE `ingresso` DISABLE KEYS */;
INSERT INTO `ingresso` VALUES (1,550.00,'vip',1),(2,165.00,'pista',1),(3,220.00,'pista',2),(4,660.00,'vip',3),(5,275.00,'pista',3),(6,132.00,'vip',4),(7,66.00,'pista',4),(8,110.00,'vip',5),(4001,110.00,'pista',3001);
/*!40000 ALTER TABLE `ingresso` ENABLE KEYS */;
UNLOCK TABLES;

--
-- Table structure for table `ingresso_compra`
--

DROP TABLE IF EXISTS `ingresso_compra`;
/*!40101 SET @saved_cs_client     = @@character_set_client */;
/*!50503 SET character_set_client = utf8mb4 */;
CREATE TABLE `ingresso_compra` (
  `id_ingresso_compra` int NOT NULL AUTO_INCREMENT,
  `quantidade` int NOT NULL,
  `fk_id_ingresso` int NOT NULL,
  `fk_id_compra` int NOT NULL,
  PRIMARY KEY (`id_ingresso_compra`),
  KEY `fk_id_ingresso` (`fk_id_ingresso`),
  KEY `fk_id_compra` (`fk_id_compra`),
  CONSTRAINT `ingresso_compra_ibfk_1` FOREIGN KEY (`fk_id_ingresso`) REFERENCES `ingresso` (`id_ingresso`),
  CONSTRAINT `ingresso_compra_ibfk_2` FOREIGN KEY (`fk_id_compra`) REFERENCES `compra` (`id_compra`)
) ENGINE=InnoDB AUTO_INCREMENT=27 DEFAULT CHARSET=utf8mb4 COLLATE=utf8mb4_0900_ai_ci;
/*!40101 SET character_set_client = @saved_cs_client */;

--
-- Dumping data for table `ingresso_compra`
--

LOCK TABLES `ingresso_compra` WRITE;
/*!40000 ALTER TABLE `ingresso_compra` DISABLE KEYS */;
INSERT INTO `ingresso_compra` VALUES (1,5,4,1),(2,2,5,1),(3,1,1,2),(4,2,2,2),(5,5,2,5),(6,10,7,6),(7,10,7,6),(8,10,7,6),(9,10,6,5),(10,30,7,6),(11,30,7,5),(12,3,8,5),(13,10,7,7),(14,10,7,8),(15,50,6,9),(16,50,8,10),(17,3,6,11),(18,10,6,14),(19,2,7,14),(20,10,6,15),(21,2,7,15),(22,10,6,16),(23,2,7,16),(24,10,6,17),(25,10,6,18),(26,2,7,18);
/*!40000 ALTER TABLE `ingresso_compra` ENABLE KEYS */;
UNLOCK TABLES;
/*!50003 SET @saved_cs_client      = @@character_set_client */ ;
/*!50003 SET @saved_cs_results     = @@character_set_results */ ;
/*!50003 SET @saved_col_connection = @@collation_connection */ ;
/*!50003 SET character_set_client  = utf8mb4 */ ;
/*!50003 SET character_set_results = utf8mb4 */ ;
/*!50003 SET collation_connection  = utf8mb4_0900_ai_ci */ ;
/*!50003 SET @saved_sql_mode       = @@sql_mode */ ;
/*!50003 SET sql_mode              = 'ONLY_FULL_GROUP_BY,STRICT_TRANS_TABLES,NO_ZERO_IN_DATE,NO_ZERO_DATE,ERROR_FOR_DIVISION_BY_ZERO,NO_ENGINE_SUBSTITUTION' */ ;
DELIMITER ;;
/*!50003 CREATE*/ /*!50017 DEFINER=`alunods`@`%`*/ /*!50003 TRIGGER `verifica_data_evento` BEFORE INSERT ON `ingresso_compra` FOR EACH ROW begin
    declare data_evento datetime;

    -- data do evento
    select e.data_hora into data_evento 
    from ingresso i
    join evento e on i.fk_id_evento = e.id_evento
    where i.id_ingresso = new.fk_id_ingresso;

    -- verificar se o evento já ocorreu
    if date(data_evento) < curdate() then
        signal sqlstate '45000'
        set message_text = 'Não é possível comprar ingresso para eventos passados';
    end if;
end */;;
DELIMITER ;
/*!50003 SET sql_mode              = @saved_sql_mode */ ;
/*!50003 SET character_set_client  = @saved_cs_client */ ;
/*!50003 SET character_set_results = @saved_cs_results */ ;
/*!50003 SET collation_connection  = @saved_col_connection */ ;
/*!50003 SET @saved_cs_client      = @@character_set_client */ ;
/*!50003 SET @saved_cs_results     = @@character_set_results */ ;
/*!50003 SET @saved_col_connection = @@collation_connection */ ;
/*!50003 SET character_set_client  = utf8mb4 */ ;
/*!50003 SET character_set_results = utf8mb4 */ ;
/*!50003 SET collation_connection  = utf8mb4_0900_ai_ci */ ;
/*!50003 SET @saved_sql_mode       = @@sql_mode */ ;
/*!50003 SET sql_mode              = 'ONLY_FULL_GROUP_BY,STRICT_TRANS_TABLES,NO_ZERO_IN_DATE,NO_ZERO_DATE,ERROR_FOR_DIVISION_BY_ZERO,NO_ENGINE_SUBSTITUTION' */ ;
DELIMITER ;;
/*!50003 CREATE*/ /*!50017 DEFINER=`alunods`@`%`*/ /*!50003 TRIGGER `atualizar_total_ingressos` AFTER INSERT ON `ingresso_compra` FOR EACH ROW begin
    declare v_id_evento int;

    select fk_id_evento into v_id_evento
    from ingresso
    where id_ingresso = NEW.fk_id_ingresso;

    if exists (select 1 from resumo_evento where id_evento = v_id_evento) then
        update resumo_evento
        set total_ingressos = total_ingressos + NEW.quantidade
        where id_evento = v_id_evento;
    else
        insert into resumo_evento (id_evento, total_ingressos)
        values (v_id_evento, NEW.quantidade);
    end if;
end */;;
DELIMITER ;
/*!50003 SET sql_mode              = @saved_sql_mode */ ;
/*!50003 SET character_set_client  = @saved_cs_client */ ;
/*!50003 SET character_set_results = @saved_cs_results */ ;
/*!50003 SET collation_connection  = @saved_col_connection */ ;

--
-- Table structure for table `organizador`
--

DROP TABLE IF EXISTS `organizador`;
/*!40101 SET @saved_cs_client     = @@character_set_client */;
/*!50503 SET character_set_client = utf8mb4 */;
CREATE TABLE `organizador` (
  `id_organizador` int NOT NULL AUTO_INCREMENT,
  `nome` varchar(100) NOT NULL,
  `email` varchar(100) NOT NULL,
  `senha` varchar(50) NOT NULL,
  `telefone` char(11) NOT NULL,
  PRIMARY KEY (`id_organizador`),
  UNIQUE KEY `email` (`email`)
) ENGINE=InnoDB AUTO_INCREMENT=6 DEFAULT CHARSET=utf8mb4 COLLATE=utf8mb4_0900_ai_ci;
/*!40101 SET character_set_client = @saved_cs_client */;

--
-- Dumping data for table `organizador`
--

LOCK TABLES `organizador` WRITE;
/*!40000 ALTER TABLE `organizador` DISABLE KEYS */;
INSERT INTO `organizador` VALUES (1,'Organização ABC','contato@abc.com','senha123','11111222333'),(2,'Eventos XYZ','info@xyz.com','senha123','11222333444'),(3,'Festivais BR','contato@festbr.com','senha123','11333444555'),(4,'Eventos GL','support@gl.com','senha123','11444555666'),(5,'Eventos JQ','contact@jq.com','senha123','11555666777');
/*!40000 ALTER TABLE `organizador` ENABLE KEYS */;
UNLOCK TABLES;

--
-- Table structure for table `presenca`
--

DROP TABLE IF EXISTS `presenca`;
/*!40101 SET @saved_cs_client     = @@character_set_client */;
/*!50503 SET character_set_client = utf8mb4 */;
CREATE TABLE `presenca` (
  `id_presenca` int NOT NULL AUTO_INCREMENT,
  `data_hora_checkin` datetime DEFAULT NULL,
  `fk_id_evento` int NOT NULL,
  `fk_id_compra` int NOT NULL,
  PRIMARY KEY (`id_presenca`),
  KEY `fk_id_evento` (`fk_id_evento`),
  KEY `fk_id_compra` (`fk_id_compra`),
  CONSTRAINT `presenca_ibfk_1` FOREIGN KEY (`fk_id_evento`) REFERENCES `evento` (`id_evento`),
  CONSTRAINT `presenca_ibfk_2` FOREIGN KEY (`fk_id_compra`) REFERENCES `compra` (`id_compra`)
) ENGINE=InnoDB DEFAULT CHARSET=utf8mb4 COLLATE=utf8mb4_0900_ai_ci;
/*!40101 SET character_set_client = @saved_cs_client */;

--
-- Dumping data for table `presenca`
--

ALTER TABLE evento ADD imagem LONGBLOB;

LOCK TABLES `presenca` WRITE;
/*!40000 ALTER TABLE `presenca` DISABLE KEYS */;
/*!40000 ALTER TABLE `presenca` ENABLE KEYS */;
UNLOCK TABLES;

--
-- Table structure for table `resumo_evento`
--

DROP TABLE IF EXISTS `resumo_evento`;
/*!40101 SET @saved_cs_client     = @@character_set_client */;
/*!50503 SET character_set_client = utf8mb4 */;
CREATE TABLE `resumo_evento` (
  `id_evento` int NOT NULL,
  `total_ingressos` int DEFAULT NULL,
  PRIMARY KEY (`id_evento`)
) ENGINE=InnoDB DEFAULT CHARSET=utf8mb4 COLLATE=utf8mb4_0900_ai_ci;
/*!40101 SET character_set_client = @saved_cs_client */;

--
-- Dumping data for table `resumo_evento`
--

LOCK TABLES `resumo_evento` WRITE;
/*!40000 ALTER TABLE `resumo_evento` DISABLE KEYS */;
INSERT INTO `resumo_evento` VALUES (4,191),(5,53);
/*!40000 ALTER TABLE `resumo_evento` ENABLE KEYS */;
UNLOCK TABLES;

--
-- Table structure for table `usuario`
--

DROP TABLE IF EXISTS `usuario`;
/*!40101 SET @saved_cs_client     = @@character_set_client */;
/*!50503 SET character_set_client = utf8mb4 */;
CREATE TABLE `usuario` (
  `id_usuario` int NOT NULL AUTO_INCREMENT,
  `name` varchar(100) NOT NULL,
  `email` varchar(100) NOT NULL,
  `password` varchar(255) NOT NULL,
  `cpf` char(11) NOT NULL,
  `data_nascimento` date NOT NULL,
  PRIMARY KEY (`id_usuario`),
  UNIQUE KEY `email` (`email`),
  UNIQUE KEY `cpf` (`cpf`)
) ENGINE=InnoDB AUTO_INCREMENT=21 DEFAULT CHARSET=utf8mb4 COLLATE=utf8mb4_0900_ai_ci;
/*!40101 SET character_set_client = @saved_cs_client */;

--
-- Dumping data for table `usuario`
--

LOCK TABLES `usuario` WRITE;
/*!40000 ALTER TABLE `usuario` DISABLE KEYS */;
INSERT INTO `usuario` VALUES (1,'João Silva','joao.silva@example.com','$2b$10$MBxqcvhFahRYGrw.sPyV3./3VtWippf6CO0cKuRspOOFUS5Yi/hJ6','16123456789','1990-01-15'),(2,'Carlos Pereira','carlos.pereira@example.com','$2b$10$BBproq9kX2sKwS6OmS1aPuk2IycMBAsM8pEAHhJiIifD5oYHHSLLK','16123987456','1992-11-30');
/*!40000 ALTER TABLE `usuario` ENABLE KEYS */;
UNLOCK TABLES;
/*!50003 SET @saved_cs_client      = @@character_set_client */ ;
/*!50003 SET @saved_cs_results     = @@character_set_results */ ;
/*!50003 SET @saved_col_connection = @@collation_connection */ ;
/*!50003 SET character_set_client  = utf8mb4 */ ;
/*!50003 SET character_set_results = utf8mb4 */ ;
/*!50003 SET collation_connection  = utf8mb4_0900_ai_ci */ ;
/*!50003 SET @saved_sql_mode       = @@sql_mode */ ;
/*!50003 SET sql_mode              = 'ONLY_FULL_GROUP_BY,STRICT_TRANS_TABLES,NO_ZERO_IN_DATE,NO_ZERO_DATE,ERROR_FOR_DIVISION_BY_ZERO,NO_ENGINE_SUBSTITUTION' */ ;
DELIMITER ;;
/*!50003 CREATE*/ /*!50017 DEFINER=`alunods`@`%`*/ /*!50003 TRIGGER `impedir_alteracao_cpf` BEFORE UPDATE ON `usuario` FOR EACH ROW begin
    if old.cpf <> new.cpf then
        signal sqlstate '45000'
        set message_text = 'não é permitido alterar o cpf de um usuário já cadastrado';
    end if;
end */;;
DELIMITER ;
/*!50003 SET sql_mode              = @saved_sql_mode */ ;
/*!50003 SET character_set_client  = @saved_cs_client */ ;
/*!50003 SET character_set_results = @saved_cs_results */ ;
/*!50003 SET collation_connection  = @saved_col_connection */ ;

--
-- Dumping events for database 'vio_rhuan'
--
/*!50106 SET @save_time_zone= @@TIME_ZONE */ ;
/*!50106 DROP EVENT IF EXISTS `arquivar_compras_antigas` */;
DELIMITER ;;
/*!50003 SET @saved_cs_client      = @@character_set_client */ ;;
/*!50003 SET @saved_cs_results     = @@character_set_results */ ;;
/*!50003 SET @saved_col_connection = @@collation_connection */ ;;
/*!50003 SET character_set_client  = utf8mb4 */ ;;
/*!50003 SET character_set_results = utf8mb4 */ ;;
/*!50003 SET collation_connection  = utf8mb4_0900_ai_ci */ ;;
/*!50003 SET @saved_sql_mode       = @@sql_mode */ ;;
/*!50003 SET sql_mode              = 'ONLY_FULL_GROUP_BY,STRICT_TRANS_TABLES,NO_ZERO_IN_DATE,NO_ZERO_DATE,ERROR_FOR_DIVISION_BY_ZERO,NO_ENGINE_SUBSTITUTION' */ ;;
/*!50003 SET @saved_time_zone      = @@time_zone */ ;;
/*!50003 SET time_zone             = 'SYSTEM' */ ;;
/*!50106 CREATE*/ /*!50117 DEFINER=`root`@`localhost`*/ /*!50106 EVENT `arquivar_compras_antigas` ON SCHEDULE EVERY 1 DAY STARTS '2025-05-29 14:22:48' ON COMPLETION PRESERVE ENABLE DO INSERT INTO historico_compra (id_compra, data_compra, id_usuario)
  SELECT id_compra, data_compra, fk_id_usuario
  FROM compra
  WHERE data_compra < NOW() - INTERVAL 6 MONTH */ ;;
/*!50003 SET time_zone             = @saved_time_zone */ ;;
/*!50003 SET sql_mode              = @saved_sql_mode */ ;;
/*!50003 SET character_set_client  = @saved_cs_client */ ;;
/*!50003 SET character_set_results = @saved_cs_results */ ;;
/*!50003 SET collation_connection  = @saved_col_connection */ ;;
/*!50106 DROP EVENT IF EXISTS `excluir_eventos_antigos` */;;
DELIMITER ;;
/*!50003 SET @saved_cs_client      = @@character_set_client */ ;;
/*!50003 SET @saved_cs_results     = @@character_set_results */ ;;
/*!50003 SET @saved_col_connection = @@collation_connection */ ;;
/*!50003 SET character_set_client  = utf8mb4 */ ;;
/*!50003 SET character_set_results = utf8mb4 */ ;;
/*!50003 SET collation_connection  = utf8mb4_0900_ai_ci */ ;;
/*!50003 SET @saved_sql_mode       = @@sql_mode */ ;;
/*!50003 SET sql_mode              = 'ONLY_FULL_GROUP_BY,STRICT_TRANS_TABLES,NO_ZERO_IN_DATE,NO_ZERO_DATE,ERROR_FOR_DIVISION_BY_ZERO,NO_ENGINE_SUBSTITUTION' */ ;;
/*!50003 SET @saved_time_zone      = @@time_zone */ ;;
/*!50003 SET time_zone             = 'SYSTEM' */ ;;
/*!50106 CREATE*/ /*!50117 DEFINER=`root`@`localhost`*/ /*!50106 EVENT `excluir_eventos_antigos` ON SCHEDULE EVERY 1 WEEK STARTS '2025-05-28 14:39:38' ON COMPLETION PRESERVE ENABLE DO delete from evento
    where data_hora < now() - interval 1 year */ ;;
/*!50003 SET time_zone             = @saved_time_zone */ ;;
/*!50003 SET sql_mode              = @saved_sql_mode */ ;;
/*!50003 SET character_set_client  = @saved_cs_client */ ;;
/*!50003 SET character_set_results = @saved_cs_results */ ;;
/*!50003 SET collation_connection  = @saved_col_connection */ ;;
/*!50106 DROP EVENT IF EXISTS `reajuste_precos_eventos_proximos` */;;
DELIMITER ;;
/*!50003 SET @saved_cs_client      = @@character_set_client */ ;;
/*!50003 SET @saved_cs_results     = @@character_set_results */ ;;
/*!50003 SET @saved_col_connection = @@collation_connection */ ;;
/*!50003 SET character_set_client  = utf8mb4 */ ;;
/*!50003 SET character_set_results = utf8mb4 */ ;;
/*!50003 SET collation_connection  = utf8mb4_0900_ai_ci */ ;;
/*!50003 SET @saved_sql_mode       = @@sql_mode */ ;;
/*!50003 SET sql_mode              = 'ONLY_FULL_GROUP_BY,STRICT_TRANS_TABLES,NO_ZERO_IN_DATE,NO_ZERO_DATE,ERROR_FOR_DIVISION_BY_ZERO,NO_ENGINE_SUBSTITUTION' */ ;;
/*!50003 SET @saved_time_zone      = @@time_zone */ ;;
/*!50003 SET time_zone             = 'SYSTEM' */ ;;
/*!50106 CREATE*/ /*!50117 DEFINER=`alunods`@`%`*/ /*!50106 EVENT `reajuste_precos_eventos_proximos` ON SCHEDULE EVERY 1 DAY STARTS '2025-05-28 15:28:56' ON COMPLETION PRESERVE ENABLE DO update ingresso set preco = preco * 1.10
    where fk_id_evento in(
        select fk_id_evento from evento
        where data_hora between now() and now() + interval 7 day
    ) */ ;;
/*!50003 SET time_zone             = @saved_time_zone */ ;;
/*!50003 SET sql_mode              = @saved_sql_mode */ ;;
/*!50003 SET character_set_client  = @saved_cs_client */ ;;
/*!50003 SET character_set_results = @saved_cs_results */ ;;
/*!50003 SET collation_connection  = @saved_col_connection */ ;;
DELIMITER ;
/*!50106 SET TIME_ZONE= @save_time_zone */ ;

--
-- Dumping routines for database 'vio_rhuan'
--
/*!50003 DROP PROCEDURE IF EXISTS `registrar_compra` */;
/*!50003 SET @saved_cs_client      = @@character_set_client */ ;
/*!50003 SET @saved_cs_results     = @@character_set_results */ ;
/*!50003 SET @saved_col_connection = @@collation_connection */ ;
/*!50003 SET character_set_client  = utf8mb4 */ ;
/*!50003 SET character_set_results = utf8mb4 */ ;
/*!50003 SET collation_connection  = utf8mb4_0900_ai_ci */ ;
/*!50003 SET @saved_sql_mode       = @@sql_mode */ ;
/*!50003 SET sql_mode              = 'ONLY_FULL_GROUP_BY,STRICT_TRANS_TABLES,NO_ZERO_IN_DATE,NO_ZERO_DATE,ERROR_FOR_DIVISION_BY_ZERO,NO_ENGINE_SUBSTITUTION' */ ;
DELIMITER ;;
CREATE DEFINER=`alunods`@`%` PROCEDURE `registrar_compra`(
    in p_id_usuario int,
    in p_id_ingresso int,
    in p_quantidade int
)
begin
    declare v_id_compra int;
    declare v_data_evento datetime;
   
    -- obtem a data do evento
    select e.data_hora into v_data_evento
    from ingresso i
    join evento e on i.fk_id_evento = e.id_evento
  where i.id_ingresso  =  p_id_ingresso;
   
    -- verificar se a data do evento é menor que a atual
    if date(v_data_evento) < curdate() then
    signal sqlstate '45000'
        set message_text = 'ERRO_PROCEDURE - Não é possivel comprar ingressos para eventos passados';
  end if;
   
    -- Criar registro na tabela 'compra'
    insert into compra (data_compra, fk_id_usuario)
    values (now(), p_id_usuario);

    -- Obter o ID da compra recém-criada
    set v_id_compra = last_insert_id();

    -- Registrar os ingressos comprados
    insert into ingresso_compra (fk_id_compra, fk_id_ingresso, quantidade)
        values(v_id_compra, p_id_ingresso, p_quantidade);

end ;;
DELIMITER ;
/*!50003 SET sql_mode              = @saved_sql_mode */ ;
/*!50003 SET character_set_client  = @saved_cs_client */ ;
/*!50003 SET character_set_results = @saved_cs_results */ ;
/*!50003 SET collation_connection  = @saved_col_connection */ ;
/*!50003 DROP PROCEDURE IF EXISTS `registrar_compra2` */;
/*!50003 SET @saved_cs_client      = @@character_set_client */ ;
/*!50003 SET @saved_cs_results     = @@character_set_results */ ;
/*!50003 SET @saved_col_connection = @@collation_connection */ ;
/*!50003 SET character_set_client  = utf8mb4 */ ;
/*!50003 SET character_set_results = utf8mb4 */ ;
/*!50003 SET collation_connection  = utf8mb4_0900_ai_ci */ ;
/*!50003 SET @saved_sql_mode       = @@sql_mode */ ;
/*!50003 SET sql_mode              = 'ONLY_FULL_GROUP_BY,STRICT_TRANS_TABLES,NO_ZERO_IN_DATE,NO_ZERO_DATE,ERROR_FOR_DIVISION_BY_ZERO,NO_ENGINE_SUBSTITUTION' */ ;
DELIMITER ;;
CREATE DEFINER=`alunods`@`%` PROCEDURE `registrar_compra2`(
    in p_id_ingresso int,
in p_id_compra int,
    in p_quantidade int
)
begin
    declare v_data_evento datetime;
   
    -- obtem a data do evento
    select e.data_hora into v_data_evento
    from ingresso i
    join evento e on i.fk_id_evento = e.id_evento
  where i.id_ingresso  =  p_id_ingresso;
   
    -- verificar se a data do evento é menor que a atual
    if date(v_data_evento) < curdate() then
    signal sqlstate '45000'
        set message_text = 'ERRO_PROCEDURE - Não é possivel comprar ingressos para eventos passados';
  end if;
 
    -- Registrar os ingressos comprados
    insert into ingresso_compra (fk_id_compra, fk_id_ingresso, quantidade)
        values(p_id_compra, p_id_ingresso, p_quantidade);

end ;;
DELIMITER ;
/*!50003 SET sql_mode              = @saved_sql_mode */ ;
/*!50003 SET character_set_client  = @saved_cs_client */ ;
/*!50003 SET character_set_results = @saved_cs_results */ ;
/*!50003 SET collation_connection  = @saved_col_connection */ ;
/*!50003 DROP PROCEDURE IF EXISTS `registrar_presenca` */;
/*!50003 SET @saved_cs_client      = @@character_set_client */ ;
/*!50003 SET @saved_cs_results     = @@character_set_results */ ;
/*!50003 SET @saved_col_connection = @@collation_connection */ ;
/*!50003 SET character_set_client  = utf8mb4 */ ;
/*!50003 SET character_set_results = utf8mb4 */ ;
/*!50003 SET collation_connection  = utf8mb4_0900_ai_ci */ ;
/*!50003 SET @saved_sql_mode       = @@sql_mode */ ;
/*!50003 SET sql_mode              = 'ONLY_FULL_GROUP_BY,STRICT_TRANS_TABLES,NO_ZERO_IN_DATE,NO_ZERO_DATE,ERROR_FOR_DIVISION_BY_ZERO,NO_ENGINE_SUBSTITUTION' */ ;
DELIMITER ;;
CREATE DEFINER=`alunods`@`%` PROCEDURE `registrar_presenca`(
    in p_id_compra int,
    in p_id_evento int
)
begin
    insert into presenca (data_hora_checkin, fk_id_evento, fk_id_compra)
    values (now(), p_id_evento, p_id_compra);
end ;;
DELIMITER ;
/*!50003 SET sql_mode              = @saved_sql_mode */ ;
/*!50003 SET character_set_client  = @saved_cs_client */ ;
/*!50003 SET character_set_results = @saved_cs_results */ ;
/*!50003 SET collation_connection  = @saved_col_connection */ ;
/*!50003 DROP PROCEDURE IF EXISTS `resumo_evento` */;
/*!50003 SET @saved_cs_client      = @@character_set_client */ ;
/*!50003 SET @saved_cs_results     = @@character_set_results */ ;
/*!50003 SET @saved_col_connection = @@collation_connection */ ;
/*!50003 SET character_set_client  = utf8mb4 */ ;
/*!50003 SET character_set_results = utf8mb4 */ ;
/*!50003 SET collation_connection  = utf8mb4_0900_ai_ci */ ;
/*!50003 SET @saved_sql_mode       = @@sql_mode */ ;
/*!50003 SET sql_mode              = 'ONLY_FULL_GROUP_BY,STRICT_TRANS_TABLES,NO_ZERO_IN_DATE,NO_ZERO_DATE,ERROR_FOR_DIVISION_BY_ZERO,NO_ENGINE_SUBSTITUTION' */ ;
DELIMITER ;;
CREATE DEFINER=`alunods`@`%` PROCEDURE `resumo_evento`(in id_evento int)
begin
    declare nome_evento varchar(100);
    declare data_hora_evento date;
    declare total_vendido int;
    declare renda_total decimal(10,2);

    select e.nome, e.data_hora into nome_evento, data_hora_evento from evento e
    where e.id_evento = id_evento;

    set total_vendido = total_ingressos_vendidos(id_evento);
    set renda_total = renda_total_evento(id_evento);

    select ifnull(nome_evento, "Não tem" ) as "nome do evento", ifnull(cast(data_hora_evento as char), 'não tem') as "data", total_vendido as "total de ingressos vendidos", renda_total as "renda total";
end ;;
DELIMITER ;
/*!50003 SET sql_mode              = @saved_sql_mode */ ;
/*!50003 SET character_set_client  = @saved_cs_client */ ;
/*!50003 SET character_set_results = @saved_cs_results */ ;
/*!50003 SET collation_connection  = @saved_col_connection */ ;
/*!50003 DROP PROCEDURE IF EXISTS `resumo_usuario` */;
/*!50003 SET @saved_cs_client      = @@character_set_client */ ;
/*!50003 SET @saved_cs_results     = @@character_set_results */ ;
/*!50003 SET @saved_col_connection = @@collation_connection */ ;
/*!50003 SET character_set_client  = utf8mb4 */ ;
/*!50003 SET character_set_results = utf8mb4 */ ;
/*!50003 SET collation_connection  = utf8mb4_0900_ai_ci */ ;
/*!50003 SET @saved_sql_mode       = @@sql_mode */ ;
/*!50003 SET sql_mode              = 'ONLY_FULL_GROUP_BY,STRICT_TRANS_TABLES,NO_ZERO_IN_DATE,NO_ZERO_DATE,ERROR_FOR_DIVISION_BY_ZERO,NO_ENGINE_SUBSTITUTION' */ ;
DELIMITER ;;
CREATE DEFINER=`alunods`@`%` PROCEDURE `resumo_usuario`(in pid int)
begin
    declare nome varchar(100);
    declare email varchar(100);
    declare totalrs decimal(10,2);
    declare faixa varchar(20);

    -- busca o nome e o email do usuário
    select u.name, u.email into nome , email from usuario u
    where u.id_usuario = pid;

    -- chamada das funções especiíficas já criadas
    set totalrs = calcula_total_gasto(pid);
    set faixa = buscar_faixa_etaria_usuario(pid);

    -- exibe os dados formatados
    select nome as nome_usuario, email as email_usuario, totalrs as total_gasto, faixa as faixa_etaria;
end ;;
DELIMITER ;
/*!50003 SET sql_mode              = @saved_sql_mode */ ;
/*!50003 SET character_set_client  = @saved_cs_client */ ;
/*!50003 SET character_set_results = @saved_cs_results */ ;
/*!50003 SET collation_connection  = @saved_col_connection */ ;
/*!50003 DROP PROCEDURE IF EXISTS `total_ingresso_usuario` */;
/*!50003 SET @saved_cs_client      = @@character_set_client */ ;
/*!50003 SET @saved_cs_results     = @@character_set_results */ ;
/*!50003 SET @saved_col_connection = @@collation_connection */ ;
/*!50003 SET character_set_client  = utf8mb4 */ ;
/*!50003 SET character_set_results = utf8mb4 */ ;
/*!50003 SET collation_connection  = utf8mb4_0900_ai_ci */ ;
/*!50003 SET @saved_sql_mode       = @@sql_mode */ ;
/*!50003 SET sql_mode              = 'ONLY_FULL_GROUP_BY,STRICT_TRANS_TABLES,NO_ZERO_IN_DATE,NO_ZERO_DATE,ERROR_FOR_DIVISION_BY_ZERO,NO_ENGINE_SUBSTITUTION' */ ;
DELIMITER ;;
CREATE DEFINER=`alunods`@`%` PROCEDURE `total_ingresso_usuario`(
    in p_id_usuario int,
    out p_total_ingressos int
)
begin
    set p_total_ingressos = 0;

    select coalesce(sum(ic.quantidade), 0)
    into p_total_ingressos
    from ingresso_compra ic
    join compra c on ic.fk_id_compra = c.id_compra
    where c.fk_id_usuario = p_id_usuario;

end ;;
DELIMITER ;
/*!50003 SET sql_mode              = @saved_sql_mode */ ;
/*!50003 SET character_set_client  = @saved_cs_client */ ;
/*!50003 SET character_set_results = @saved_cs_results */ ;
/*!50003 SET collation_connection  = @saved_col_connection */ ;

--
-- Final view structure for view `compras_por_usuario`
--

/*!50001 DROP VIEW IF EXISTS `compras_por_usuario`*/;
/*!50001 SET @saved_cs_client          = @@character_set_client */;
/*!50001 SET @saved_cs_results         = @@character_set_results */;
/*!50001 SET @saved_col_connection     = @@collation_connection */;
/*!50001 SET character_set_client      = utf8mb4 */;
/*!50001 SET character_set_results     = utf8mb4 */;
/*!50001 SET collation_connection      = utf8mb4_0900_ai_ci */;
/*!50001 CREATE ALGORITHM=UNDEFINED */
/*!50013 DEFINER=`alunods`@`%` SQL SECURITY DEFINER */
/*!50001 VIEW `compras_por_usuario` (`usuario`,`evento`,`data_compra`,`tipo_ingresso`,`quantidade_vip`,`preco_total`) AS select `u`.`name` AS `Usuario`,`e`.`nome` AS `Evento`,`c`.`data_compra` AS `Data_Compra`,`i`.`tipo` AS `Tipo_Ingresso`,sum((case when (`i`.`tipo` = 'vip') then `ic`.`quantidade` else 0 end)) AS `Quantidade_VIP`,round(sum((`ic`.`quantidade` * `i`.`preco`)),2) AS `Preco_Total` from ((((`usuario` `u` join `compra` `c` on((`u`.`id_usuario` = `c`.`fk_id_usuario`))) join `ingresso_compra` `ic` on((`c`.`id_compra` = `ic`.`fk_id_compra`))) join `ingresso` `i` on((`ic`.`fk_id_ingresso` = `i`.`id_ingresso`))) join `evento` `e` on((`i`.`fk_id_evento` = `e`.`id_evento`))) group by `u`.`name`,`e`.`nome`,`c`.`data_compra`,`i`.`tipo` */;
/*!50001 SET character_set_client      = @saved_cs_client */;
/*!50001 SET character_set_results     = @saved_cs_results */;
/*!50001 SET collation_connection      = @saved_col_connection */;
/*!40103 SET TIME_ZONE=@OLD_TIME_ZONE */;

/*!40101 SET SQL_MODE=@OLD_SQL_MODE */;
/*!40014 SET FOREIGN_KEY_CHECKS=@OLD_FOREIGN_KEY_CHECKS */;
/*!40014 SET UNIQUE_CHECKS=@OLD_UNIQUE_CHECKS */;
/*!40101 SET CHARACTER_SET_CLIENT=@OLD_CHARACTER_SET_CLIENT */;
/*!40101 SET CHARACTER_SET_RESULTS=@OLD_CHARACTER_SET_RESULTS */;
/*!40101 SET COLLATION_CONNECTION=@OLD_COLLATION_CONNECTION */;
/*!40111 SET SQL_NOTES=@OLD_SQL_NOTES */;

-- Dump completed on 2025-06-02 13:06:17